name,boat,event,gender,time,type,finish,level,venue,month,day,year,certified,notes,venue.long,race.name
Adam van Koeverden,K1,200,Men,37.602,Final,3rd,,Canada Nationals 2001,7,23,2001,yes,,Canada Nationals 2001,na
Adam van Koeverden,K1,500,Men,103.162,Final,1st,,Canada Nationals 2001,7,23,2001,yes,,Canada Nationals 2001,na
Adam van Koeverden,K1,1000,Men,215.589,Final,1st,senior,Canada Nationals 2001,7,23,2001,yes,racing up in senior,Canada Nationals 2001,na
Adam van Koeverden,K1,200,Men,40.445,Heat,3rd,,Canada Nationals 2001,7,23,2001,yes,,Canada Nationals 2001,na
Adam van Koeverden,K1,500,Men,112.659,Heat,1st,,Canada Nationals 2001,7,23,2001,yes,,Canada Nationals 2001,na
Adam van Koeverden,K1,1000,Men,237.809,Heat,1st,senior,Canada Nationals 2001,7,23,2001,yes,racing up in senior,Canada Nationals 2001,na
Adam van Koeverden,K1,500,Men,98.818,Final,6th,,Worlds 2003,7,23,2003,yes,,Worlds 2003,na
Adam van Koeverden,K1,1000,Men,209.72,Final,2nd,,Worlds 2003,7,23,2003,yes,,Worlds 2003,na
Adam van Koeverden,K1,500,Men,97.92,Final,1st,,Olympics 2004,7,23,2004,yes,,Olympics 2004,na
Adam van Koeverden,K1,1000,Men,208.22,Final,3rd,,Olympics 2004,7,23,2004,yes,,Olympics 2004,na
Adam van Koeverden,K1,500,Men,97.082,Final,3rd,,Worlds 2005,7,23,2005,yes,,Worlds 2005,na
Adam van Koeverden,K1,1000,Men,209.841,Final,2nd,,Worlds 2005,7,23,2005,yes,,Worlds 2005,na
Adam van Koeverden,K1,1000,Men,208.629,Final A,1st,senior,Canadian Trials 1 2006,4,21,2006,yes,,Canadian Trials 1 2006,na
Adam van Koeverden,K1,500,Men,106.721,Final A,1st,senior,Canadian Trials 1 2006,4,21,2006,yes,,Canadian Trials 1 2006,na
Adam van Koeverden,K1,1000,Men,211.796,Heat,1st,senior,Canadian Trials 1 2006,4,21,2006,yes,,Canadian Trials 1 2006,na
Adam van Koeverden,K1,500,Men,102.106,Heat,1st,senior,Canadian Trials 1 2006,4,21,2006,yes,,Canadian Trials 1 2006,na
Laurence Vincent-Lapointe,C1,500,Women,190.497,Final,3rd,,Championnats du Quebec 2006,7,1,2006,yes,,Championnats du Quebec 2006,na
Adam van Koeverden,K1,500,Men,96.279,Final,4th,,Worlds 2006,7,23,2006,yes,,Worlds 2006,na
Adam van Koeverden,K1,500,Men,100.42,Final,4th,,Worlds 2006,7,23,2006,yes,,Worlds 2006,na
Adam van Koeverden,K1,1000,Men,220.169,Final,4th,,Worlds 2006,7,23,2006,yes,,Worlds 2006,na
Adam van Koeverden,K1,1000,Men,220.675,Final,4th,,Worlds 2006,7,23,2006,yes,,Worlds 2006,na
Laurence Vincent-Lapointe,C1,1000,Women,331.295,Final,6th,,Canadian Nationals 2007,7,1,2007,yes,,Canadian Nationals 2007,na
Laurence Vincent-Lapointe,C1,1000,Women,331.397,Heat,3rd,,Canadian Nationals 2007,7,1,2007,yes,,Canadian Nationals 2007,na
Adam van Koeverden,K1,1000,Men,209.218,Final A,1st,senior,Canadian Trials 1 2007,4,14,2007,yes,,Canadian Trials 1 2007,na
Adam van Koeverden,K1,500,Men,113.152,Final A,1st,senior,Canadian Trials 1 2007,4,14,2007,yes,,Canadian Trials 1 2007,na
Adam van Koeverden,K1,1000,Men,217.115,Heat,1st,senior,Canadian Trials 1 2007,4,14,2007,yes,,Canadian Trials 1 2007,na
Adam van Koeverden,K1,500,Men,114.132,Heat,1st,senior,Canadian Trials 1 2007,4,14,2007,yes,,Canadian Trials 1 2007,na
Laurence Vincent-Lapointe,C1,1000,Women,343.25,Heat,5th,,Championnats du Quebec 2007,7,1,2007,yes,,Championnats du Quebec 2007,na
Laurence Vincent-Lapointe,C1,2000,Women,732.36,Heat,5th,,Shebrooke 2007,7,1,2007,yes,,Shebrooke 2007,na
Laurence Vincent-Lapointe,C1,200,Women,54.631,Final,3rd,juvenile,Canadian Nationals 2008,7,1,2008,yes,racing up,Canadian Nationals 2008,na
Laurence Vincent-Lapointe,C1,500,Women,148.579,Final,2nd,,Canadian Nationals 2008,7,1,2008,yes,racing up,Canadian Nationals 2008,na
Laurence Vincent-Lapointe,C1,1000,Women,299.112,Final,1st,,Canadian Nationals 2008,7,1,2008,yes,,Canadian Nationals 2008,na
Laurence Vincent-Lapointe,C1,1000,Women,293.857,Final,1st,,Canadian Nationals 2008,7,1,2008,yes,racing up,Canadian Nationals 2008,na
Laurence Vincent-Lapointe,C1,200,Women,53.742,Heat,2nd,juvenile,Canadian Nationals 2008,7,1,2008,yes,racing up,Canadian Nationals 2008,na
Laurence Vincent-Lapointe,C1,500,Women,147.536,Heat,1st,,Canadian Nationals 2008,7,1,2008,yes,racing up,Canadian Nationals 2008,na
Laurence Vincent-Lapointe,C1,1000,Women,312.901,Heat,1st,,Canadian Nationals 2008,7,1,2008,yes,,Canadian Nationals 2008,na
Laurence Vincent-Lapointe,C1,1000,Women,305.822,Heat,1st,,Canadian Nationals 2008,7,1,2008,yes,racing up,Canadian Nationals 2008,na
Adam van Koeverden,K1,1000,Men,220.967,Final A,1st,senior,Canadian Trials 1 2008,5,3,2008,yes,,Canadian Trials 1 2008,na
Adam van Koeverden,K1,500,Men,106.59,Final A,1st,senior,Canadian Trials 1 2008,5,3,2008,yes,,Canadian Trials 1 2008,na
Adam van Koeverden,K1,1000,Men,216.538,Heat,1st,senior,Canadian Trials 1 2008,5,3,2008,yes,,Canadian Trials 1 2008,na
Adam van Koeverden,K1,500,Men,102.233,Heat,1st,senior,Canadian Trials 1 2008,5,3,2008,yes,,Canadian Trials 1 2008,na
Laurence Vincent-Lapointe,C1,500,Women,164.746,Final,3rd,open,Canadian Trials 1 2008,6,9,2008,yes,,Canadian Trials 1 2008,na
Laurence Vincent-Lapointe,C1,1000,Women,336.824,Final,2nd,open,Canadian Trials 1 2008,6,9,2008,yes,,Canadian Trials 1 2008,na
Laurence Vincent-Lapointe,C1,500,Women,149.419,Final A,4th,open,Canadian Trials 2 2008,7,21,2008,yes,,Canadian Trials 2 2008,na
Laurence Vincent-Lapointe,C1,1000,Women,309.543,Final A,2nd,open,Canadian Trials 2 2008,7,21,2008,yes,,Canadian Trials 2 2008,na
Laurence Vincent-Lapointe,C1,500,Women,148.522,Heat,1st,open,Canadian Trials 2 2008,7,21,2008,yes,,Canadian Trials 2 2008,na
Laurence Vincent-Lapointe,C1,1000,Women,317.469,Heat,1st,open,Canadian Trials 2 2008,7,21,2008,yes,,Canadian Trials 2 2008,na
Laurence Vincent-Lapointe,C1,200,Women,54.62,Final,1st,midget,Championnats du Quebec 2008,5,9,2008,yes,,Championnats du Quebec 2008,na
Laurence Vincent-Lapointe,C1,500,Women,154.83,Final,1st,,Championnats du Quebec 2008,5,9,2008,yes,,Championnats du Quebec 2008,na
Laurence Vincent-Lapointe,C1,1000,Women,307.59,Final,1st,,Championnats du Quebec 2008,5,9,2008,yes,,Championnats du Quebec 2008,na
Laurence Vincent-Lapointe,C1,1000,Women,319.26,Heat,1st,,Championnats du Quebec 2008,5,9,2008,yes,,Championnats du Quebec 2008,na
Max Lemke,K1,2000,Men,875.38,Final,10th,,Ginsheimer 2008,4,24,2008,yes,,Ginsheimer 2008,na
Adam van Koeverden,K1,500,Men,97.63,Final,2nd,,Olympics 2008,7,23,2008,yes,,Olympics 2008,na
Adam van Koeverden,K1,1000,Men,211.79,Final,8th,,Olympics 2008,7,23,2008,yes,,Olympics 2008,na
Laurence Vincent-Lapointe,C1,200,Women,53.432,Final,1st,midget,Canadian Nationals 2009,7,1,2009,yes,,Canadian Nationals 2009,na
Laurence Vincent-Lapointe,C1,500,Women,151.371,Final,1st,,Canadian Nationals 2009,7,1,2009,yes,,Canadian Nationals 2009,na
Laurence Vincent-Lapointe,C1,500,Women,146.918,Final,1st,,Canadian Nationals 2009,7,1,2009,yes,racing up,Canadian Nationals 2009,na
Laurence Vincent-Lapointe,C1,1000,Women,297.276,Final,1st,,Canadian Nationals 2009,7,1,2009,yes,,Canadian Nationals 2009,na
Laurence Vincent-Lapointe,C1,1000,Women,304.747,Final,1st,,Canadian Nationals 2009,7,1,2009,yes,racing up,Canadian Nationals 2009,na
Laurence Vincent-Lapointe,C1,200,Women,58.103,Heat,1st,midget,Canadian Nationals 2009,7,1,2009,yes,,Canadian Nationals 2009,na
Laurence Vincent-Lapointe,C1,500,Women,164.665,Heat,1st,,Canadian Nationals 2009,7,1,2009,yes,,Canadian Nationals 2009,na
Laurence Vincent-Lapointe,C1,1000,Women,338.341,Heat,1st,,Canadian Nationals 2009,7,1,2009,yes,,Canadian Nationals 2009,na
Laurence Vincent-Lapointe,C1,200,Women,52.493,Final A,3rd,senior,Canadian Trials 1 2009,6,18,2009,yes,,Canadian Trials 1 2009,na
Laurence Vincent-Lapointe,C1,500,Women,144.357,Final A,3rd,senior,Canadian Trials 1 2009,6,18,2009,yes,,Canadian Trials 1 2009,na
Laurence Vincent-Lapointe,C1,200,Women,59.916,Heat,3rd,senior,Canadian Trials 1 2009,6,18,2009,yes,,Canadian Trials 1 2009,na
Laurence Vincent-Lapointe,C1,500,Women,142.27,Heat,2nd,senior,Canadian Trials 1 2009,6,18,2009,yes,,Canadian Trials 1 2009,na
Laurence Vincent-Lapointe,C1,200,Women,51.907,Final A,4th,senior,Canadian Trials 3 2009,7,18,2009,yes,,Canadian Trials 3 2009,na
Laurence Vincent-Lapointe,C1,500,Women,135.686,Final A,2nd,senior,Canadian Trials 3 2009,7,18,2009,yes,,Canadian Trials 3 2009,na
Laurence Vincent-Lapointe,C1,200,Women,52.807,Heat,1st,senior,Canadian Trials 3 2009,7,18,2009,yes,,Canadian Trials 3 2009,na
Laurence Vincent-Lapointe,C1,500,Women,142.861,Heat,1st,senior,Canadian Trials 3 2009,7,18,2009,yes,,Canadian Trials 3 2009,na
Max Lemke,K1,2000,Men,544.42,Final,8th,,German Nationals 2009,7,12,2009,yes,,German Nationals 2009,na
Max Lemke,K1,500,Men,132.645,Heat,7th,,German Nationals 2009,7,12,2009,yes,,German Nationals 2009,na
Max Lemke,K1,500,Men,137.05,Heat,1st,,Ginsheimer 2009,4,24,2009,yes,,Ginsheimer 2009,na
Max Lemke,K1,2000,Men,611.55,Final,7th,,Grosse Meinzer 2009,5,17,2009,yes,,Grosse Meinzer 2009,na
Max Lemke,K1,500,Men,137.76,Heat,3rd,,Grosse Meinzer 2009,5,17,2009,yes,,Grosse Meinzer 2009,na
Max Lemke,K1,500,Men,127.38,Semis,4th,,Grosse Meinzer 2009,5,17,2009,yes,,Grosse Meinzer 2009,na
Max Lemke,K1,500,Men,126.45,Final B,1st,,Lampertheim 2009,5,17,2009,yes,,Lampertheim 2009,na
Max Lemke,K1,500,Men,129.41,Heat,2nd,,Lampertheim 2009,5,17,2009,yes,,Lampertheim 2009,na
Max Lemke,K1,500,Men,131.72,Heat,2nd,,Lampertheim 2009,5,17,2009,yes,,Lampertheim 2009,na
Max Lemke,K1,500,Men,128.48,Semis,4th,,Lampertheim 2009,5,17,2009,yes,,Lampertheim 2009,na
Katie Vincent,C1,200,Women,60.987,Final,6th,midget,Canadian Nationals 2010,8,25,2010,yes,,Canadian Nationals 2010,na
Katie Vincent,C1,1000,Women,338.258,Final,5th,midget,Canadian Nationals 2010,8,25,2010,yes,,Canadian Nationals 2010,na
Katie Vincent,C1,6000,Women,2193.44,Final,1st,midget,Canadian Nationals 2010,8,25,2010,yes,,Canadian Nationals 2010,na
Katie Vincent,C1,200,Women,63.846,Heat,2nd,midget,Canadian Nationals 2010,8,25,2010,yes,,Canadian Nationals 2010,na
Katie Vincent,C1,1000,Women,370.547,Heat,1st,midget,Canadian Nationals 2010,8,25,2010,yes,,Canadian Nationals 2010,na
Laurence Vincent-Lapointe,C1,200,Women,50.633,Final,1st,juvenile,Canadian Nationals 2010,7,1,2010,yes,racing up,Canadian Nationals 2010,na
Laurence Vincent-Lapointe,C1,200,Women,54.408,Final,1st,,Canadian Nationals 2010,7,1,2010,yes,,Canadian Nationals 2010,na
Laurence Vincent-Lapointe,C1,200,Women,49.123,Final,1st,senior,Canadian Nationals 2010,7,1,2010,yes,racing up in senior,Canadian Nationals 2010,na
Laurence Vincent-Lapointe,C1,500,Women,141.787,Final,1st,,Canadian Nationals 2010,7,1,2010,yes,racing up,Canadian Nationals 2010,na
Laurence Vincent-Lapointe,C1,500,Women,143.702,Final,1st,,Canadian Nationals 2010,7,1,2010,yes,,Canadian Nationals 2010,na
Laurence Vincent-Lapointe,C1,500,Women,137.423,Final,1st,senior,Canadian Nationals 2010,7,1,2010,yes,racing up in senior,Canadian Nationals 2010,na
Laurence Vincent-Lapointe,C1,1000,Women,295.903,Final,1st,,Canadian Nationals 2010,7,1,2010,yes,,Canadian Nationals 2010,na
Laurence Vincent-Lapointe,C1,200,Women,57.505,Heat,1st,juvenile,Canadian Nationals 2010,7,1,2010,yes,racing up,Canadian Nationals 2010,na
Laurence Vincent-Lapointe,C1,200,Women,56.276,Heat,1st,midget,Canadian Nationals 2010,7,1,2010,yes,,Canadian Nationals 2010,na
Laurence Vincent-Lapointe,C1,200,Women,55.55,Heat,1st,senior,Canadian Nationals 2010,7,1,2010,yes,racing up in senior,Canadian Nationals 2010,na
Laurence Vincent-Lapointe,C1,500,Women,157.654,Heat,1st,,Canadian Nationals 2010,7,1,2010,yes,racing up,Canadian Nationals 2010,na
Laurence Vincent-Lapointe,C1,500,Women,163.41,Heat,1st,,Canadian Nationals 2010,7,1,2010,yes,,Canadian Nationals 2010,na
Laurence Vincent-Lapointe,C1,500,Women,152.957,Heat,1st,senior,Canadian Nationals 2010,7,1,2010,yes,racing up in senior,Canadian Nationals 2010,na
Laurence Vincent-Lapointe,C1,1000,Women,312.098,Heat,1st,,Canadian Nationals 2010,7,1,2010,yes,,Canadian Nationals 2010,na
Laurence Vincent-Lapointe,C1,200,Women,51.714,Final A,1st,senior,Canadian Trials 1 2010,6,18,2010,yes,,Canadian Trials 1 2010,na
Katie Vincent,C1,200,Women,55.497,Final A,4th,junior,Canadian Trials 2 2010,7,18,2010,yes,,Canadian Trials 2 2010,na
Katie Vincent,C1,200,Women,58.093,Heat,4th,junior,Canadian Trials 2 2010,7,18,2010,yes,,Canadian Trials 2 2010,na
Katie Vincent,C1,200,Women,55.399,Semis,1st,junior,Canadian Trials 2 2010,7,18,2010,yes,,Canadian Trials 2 2010,na
Laurence Vincent-Lapointe,C1,200,Women,48.649,Final A,1st,senior,Canadian Trials 2 2010,7,18,2010,yes,,Canadian Trials 2 2010,na
Laurence Vincent-Lapointe,C1,200,Women,50.755,Heat,2nd,senior,Canadian Trials 2 2010,7,18,2010,yes,,Canadian Trials 2 2010,na
Max Lemke,K1,1000,Men,233.62,Final,1st,,German Nationals 2010,8,15,2010,yes,,German Nationals 2010,na
Max Lemke,K1,1000,Men,246.47,Heat,1st,,German Nationals 2010,8,28,2010,yes,,German Nationals 2010,na
Max Lemke,K1,200,Men,43.5,Heat,1st,,Ginsheimer 2010,4,24,2010,yes,,Ginsheimer 2010,na
Max Lemke,K1,1000,Men,239.5,Heat,1st,,Ginsheimer 2010,4,24,2010,yes,,Ginsheimer 2010,na
Max Lemke,K1,1500,Men,369.63,Heat,4th,,Ginsheimer 2010,4,24,2010,yes,,Ginsheimer 2010,na
Laurence Vincent-Lapointe,C1,200,Women,48.188,Final,1st,,Worlds 2010,7,1,2010,yes,,Worlds 2010,na
Katie Vincent,C1,200,Women,58.214,Final A,7th,junior,Canadian Jr 2011,6,5,2011,yes,,Canadian Jr 2011,na
Katie Vincent,C1,200,Women,59.203,Heat,3rd,junior,Canadian Jr 2011,6,5,2011,yes,,Canadian Jr 2011,na
Katie Vincent,C1,200,Women,52.193,Final,1st,midget,Canadian Nationals 2011,8,24,2011,yes,,Canadian Nationals 2011,na
Katie Vincent,C1,200,Women,51.207,Final,2nd,juvenile,Canadian Nationals 2011,8,24,2011,yes,,Canadian Nationals 2011,na
Katie Vincent,C1,6000,Women,2036.93,Final,1st,midget,Canadian Nationals 2011,8,24,2011,yes,,Canadian Nationals 2011,na
Katie Vincent,C1,200,Women,70.852,Heat,3rd,midget,Canadian Nationals 2011,8,24,2011,yes,,Canadian Nationals 2011,na
Katie Vincent,C1,200,Women,52.883,Heat,1st,juvenile,Canadian Nationals 2011,8,24,2011,yes,,Canadian Nationals 2011,na
Katie Vincent,C1,1000,Women,418.368,Heat,1st,midget,Canadian Nationals 2011,8,24,2011,yes,,Canadian Nationals 2011,na
Katie Vincent,C1,1000,Women,300.172,Heat,1st,midget,Canadian Nationals 2011,8,24,2011,yes,,Canadian Nationals 2011,na
Laurence Vincent-Lapointe,C1,200,Women,52.068,Final,1st,,Canadian Nationals 2011,7,1,2011,yes,,Canadian Nationals 2011,na
Laurence Vincent-Lapointe,C1,200,Women,47.049,Final,1st,senior,Canadian Nationals 2011,7,1,2011,yes,racing up in senior,Canadian Nationals 2011,na
Laurence Vincent-Lapointe,C1,500,Women,147.223,Final,1st,,Canadian Nationals 2011,7,1,2011,yes,,Canadian Nationals 2011,na
Laurence Vincent-Lapointe,C1,500,Women,132.519,Final,1st,senior,Canadian Nationals 2011,7,1,2011,yes,racing up in senior,Canadian Nationals 2011,na
Laurence Vincent-Lapointe,C1,1000,Women,287.923,Final,1st,,Canadian Nationals 2011,7,1,2011,yes,,Canadian Nationals 2011,na
Laurence Vincent-Lapointe,C1,200,Women,54.763,Heat,1st,,Canadian Nationals 2011,7,1,2011,yes,,Canadian Nationals 2011,na
Laurence Vincent-Lapointe,C1,500,Women,159.123,Heat,1st,,Canadian Nationals 2011,7,1,2011,yes,,Canadian Nationals 2011,na
Laurence Vincent-Lapointe,C1,1000,Women,294.907,Heat,1st,senior,Canadian Nationals 2011,7,1,2011,yes,racing up in senior,Canadian Nationals 2011,na
Laurence Vincent-Lapointe,C1,200,Women,52.08,Final A,1st,senior,Canadian Trials 1 2011,6,5,2011,yes,,Canadian Trials 1 2011,na
Laurence Vincent-Lapointe,C1,200,Women,55.267,Heat,1st,senior,Canadian Trials 1 2011,6,5,2011,yes,,Canadian Trials 1 2011,na
Katie Vincent,C1,200,Women,53.161,Final A,3rd,junior,Canadian Trials 2 2011,7,5,2011,yes,,Canadian Trials 2 2011,na
Katie Vincent,C1,200,Women,55.466,Heat,4th,junior,Canadian Trials 2 2011,7,5,2011,yes,,Canadian Trials 2 2011,na
Katie Vincent,C1,200,Women,53.925,Semis,1st,junior,Canadian Trials 2 2011,7,5,2011,yes,,Canadian Trials 2 2011,na
Laurence Vincent-Lapointe,C1,200,Women,48.284,Final A,1st,senior,Canadian Trials 2 2011,7,5,2011,yes,,Canadian Trials 2 2011,na
Max Lemke,K1,200,Men,39.55,Final,1st,,German Nationals 2011,9,6,2011,yes,,German Nationals 2011,na
Max Lemke,K1,1000,Men,238.56,Final,1st,,German Nationals 2011,9,7,2011,yes,,German Nationals 2011,na
Max Lemke,K1,200,Men,41.63,Heat,1st,,German Nationals 2011,9,6,2011,yes,,German Nationals 2011,na
Max Lemke,K1,1000,Men,241.42,Heat,2nd,,German Nationals 2011,9,7,2011,yes,,German Nationals 2011,na
Max Lemke,K1,200,Men,40.7,Semis,1st,,German Nationals 2011,9,6,2011,yes,,German Nationals 2011,na
Max Lemke,K1,1000,Men,238.16,Semis,1st,,German Nationals 2011,9,7,2011,yes,,German Nationals 2011,na
Max Lemke,K1,200,Men,41.52,Final,1st,,Spessart 2011,7,9,2011,yes,,Spessart 2011,na
Max Lemke,K1,200,Men,44.9,Heat,1st,,Spessart 2011,7,9,2011,yes,,Spessart 2011,na
Max Lemke,K1,500,Men,104.14,Heat,1st,,Spessart 2011,7,9,2011,yes,,Spessart 2011,na
Max Lemke,K1,5000,Men,1331.15,Final,1st,,Suddeutsche Champs 2011,7,31,2011,yes,,Suddeutsche Champs 2011,na
Max Lemke,K1,200,Men,38.45,Final A,1st,,Suddeutsche Champs 2011,7,29,2011,yes,,Suddeutsche Champs 2011,na
Max Lemke,K1,1000,Men,230.65,Final A,1st,,Suddeutsche Champs 2011,7,29,2011,yes,,Suddeutsche Champs 2011,na
Max Lemke,K1,200,Men,41,Heat,1st,,Suddeutsche Champs 2011,7,29,2011,yes,,Suddeutsche Champs 2011,na
Max Lemke,K1,1000,Men,247.52,Heat,1st,,Suddeutsche Champs 2011,7,29,2011,yes,,Suddeutsche Champs 2011,na
Laurence Vincent-Lapointe,C1,200,Women,48.876,Final,1st,,Worlds 2011,7,1,2011,yes,,Worlds 2011,na
Katie Vincent,C1,200,Women,56.237,Final,1st,midget,Canadian Nationals 2012,8,22,2012,yes,,Canadian Nationals 2012,na
Katie Vincent,C1,200,Women,50.942,Final,1st,juvenile,Canadian Nationals 2012,8,22,2012,yes,,Canadian Nationals 2012,na
Katie Vincent,C1,500,Women,155.414,Final,1st,juvenile,Canadian Nationals 2012,8,22,2012,yes,,Canadian Nationals 2012,na
Katie Vincent,C1,1000,Women,335.537,Final,9th,juvenile,Canadian Nationals 2012,8,22,2012,yes,,Canadian Nationals 2012,na
Katie Vincent,C1,1000,Women,307.351,Final,1st,midget,Canadian Nationals 2012,8,22,2012,yes,,Canadian Nationals 2012,na
Katie Vincent,C1,6000,Women,2199.41,Final,1st,midget,Canadian Nationals 2012,8,25,2012,yes,,Canadian Nationals 2012,na
Katie Vincent,C1,200,Women,57.149,Heat,1st,midget,Canadian Nationals 2012,8,22,2012,yes,,Canadian Nationals 2012,na
Katie Vincent,C1,200,Women,55.775,Heat,1st,juvenile,Canadian Nationals 2012,8,22,2012,yes,,Canadian Nationals 2012,na
Katie Vincent,C1,500,Women,161.071,Heat,1st,juvenile,Canadian Nationals 2012,8,22,2012,yes,,Canadian Nationals 2012,na
Katie Vincent,C1,1000,Women,308.649,Heat,1st,juvenile,Canadian Nationals 2012,8,22,2012,yes,,Canadian Nationals 2012,na
Katie Vincent,C1,1000,Women,350.93,Heat,1st,midget,Canadian Nationals 2012,8,22,2012,yes,,Canadian Nationals 2012,na
Laurence Vincent-Lapointe,C1,200,Women,49.144,Final,1st,,Canadian Nationals 2012,7,1,2012,yes,,Canadian Nationals 2012,na
Laurence Vincent-Lapointe,C1,200,Women,55.454,Final,1st,senior,Canadian Nationals 2012,7,1,2012,yes,racing up in senior,Canadian Nationals 2012,na
Laurence Vincent-Lapointe,C1,500,Women,136.235,Final,1st,,Canadian Nationals 2012,7,1,2012,yes,,Canadian Nationals 2012,na
Laurence Vincent-Lapointe,C1,500,Women,146.161,Final,1st,,Canadian Nationals 2012,7,1,2012,yes,racing up in senior,Canadian Nationals 2012,na
Laurence Vincent-Lapointe,C1,1000,Women,295.35,Final,1st,senior,Canadian Nationals 2012,7,1,2012,yes,racing up in senior,Canadian Nationals 2012,na
Laurence Vincent-Lapointe,C1,1000,Women,334.208,Final,1st,,Canadian Nationals 2012,7,1,2012,yes,,Canadian Nationals 2012,na
Laurence Vincent-Lapointe,C1,200,Women,54.181,Final A,1st,senior,Canadian Trials 1 2012,5,5,2012,yes,,Canadian Trials 1 2012,na
Katie Vincent,C1,200,Women,50.161,Final A,4th,senior,Canadian Trials 2 2012,6,23,2012,yes,,Canadian Trials 2 2012,na
Katie Vincent,C1,200,Women,50.927,Final A,1st,junior,Canadian Trials 2 2012,6,23,2012,yes,,Canadian Trials 2 2012,na
Katie Vincent,C1,200,Women,51.721,Heat,1st,junior,Canadian Trials 2 2012,6,23,2012,yes,,Canadian Trials 2 2012,na
Laurence Vincent-Lapointe,C1,200,Women,47.838,Final A,1st,senior,Canadian Trials 2 2012,6,23,2012,yes,,Canadian Trials 2 2012,na
Max Lemke,K1,200,Men,39.314,Final,1st,,German Nationals 2012,8,15,2012,yes,,German Nationals 2012,na
Max Lemke,K1,1000,Men,224.308,Final,1st,,German Nationals 2012,8,15,2012,yes,,German Nationals 2012,na
Max Lemke,K1,200,Men,40.759,Heat,1st,,German Nationals 2012,8,15,2012,yes,,German Nationals 2012,na
Max Lemke,K1,1000,Men,240.038,Heat,1st,,German Nationals 2012,8,15,2012,yes,,German Nationals 2012,na
Max Lemke,K1,200,Men,39.056,Semis,1st,,German Nationals 2012,8,15,2012,yes,,German Nationals 2012,na
Max Lemke,K1,1000,Men,232.245,Semis,1st,,German Nationals 2012,8,15,2012,yes,,German Nationals 2012,na
Katie Vincent,C1,200,Women,50.759,Final,1st,U17,OHR 2012,9,16,2012,yes,,OHR 2012,na
Max Lemke,K1,200,Men,36.763,Final,2nd,,OHR 2012,9,15,2012,yes,,OHR 2012,na
Max Lemke,K1,200,Men,37.842,Heat,2nd,,OHR 2012,9,15,2012,yes,,OHR 2012,na
Max Lemke,K1,1000,Men,233.285,Heat,2nd,,OHR 2012,9,15,2012,yes,,OHR 2012,na
Max Lemke,K1,200,Men,38.435,Semis,1st,,OHR 2012,9,15,2012,yes,,OHR 2012,na
Max Lemke,K1,1000,Men,241.35,Semis,9th,,OHR 2012,9,15,2012,yes,,OHR 2012,na
Max Lemke,K1,200,Men,39.38,Final,1st,,Suddeutsche Champs 2012,7,6,2012,yes,,Suddeutsche Champs 2012,na
Max Lemke,K1,1000,Men,227.8,Final,2nd,,Suddeutsche Champs 2012,7,6,2012,yes,,Suddeutsche Champs 2012,na
Max Lemke,K1,5000,Men,1534.07,Final,1st,,Suddeutsche Champs 2012,7,6,2012,yes,,Suddeutsche Champs 2012,na
Max Lemke,K1,200,Men,41.25,Heat,3rd,,Suddeutsche Champs 2012,7,6,2012,yes,,Suddeutsche Champs 2012,na
Max Lemke,K1,1000,Men,254.66,Heat,1st,,Suddeutsche Champs 2012,7,6,2012,yes,,Suddeutsche Champs 2012,na
Katie Vincent,C1,200,Women,51.092,Final,1st,U17,Canadian Nationals 2013,8,27,2013,yes,,Canadian Nationals 2013,na
Katie Vincent,C1,6000,Women,1988.4,Final,1st,U17,Canadian Nationals 2013,8,27,2013,yes,,Canadian Nationals 2013,na
Katie Vincent,C1,200,Women,53.923,Heat,1st,U17,Canadian Nationals 2013,8,27,2013,yes,,Canadian Nationals 2013,na
Katie Vincent,C1,500,Women,137.906,Heat,1st,U19,Canadian Nationals 2013,8,27,2013,yes,,Canadian Nationals 2013,na
Katie Vincent,C1,200,Women,52.974,Final A,2nd,senior,Canadian Trials 1 2013,5,11,2013,yes,,Canadian Trials 1 2013,na
Katie Vincent,C1,200,Women,51.28,Heat,2nd,senior,Canadian Trials 1 2013,5,11,2013,yes,,Canadian Trials 1 2013,na
Laurence Vincent-Lapointe,C1,200,Women,51.19,Final A,1st,senior,Canadian Trials 1 2013,5,11,2013,yes,,Canadian Trials 1 2013,na
Laurence Vincent-Lapointe,C1,200,Women,48.801,Heat,1st,senior,Canadian Trials 1 2013,5,11,2013,yes,,Canadian Trials 1 2013,na
Katie Vincent,C1,200,Women,53.938,Final A,2nd,junior,Canadian Trials 2 2013,6,11,2013,yes,,Canadian Trials 2 2013,na
Katie Vincent,C1,200,Women,64.101,Final A,9th,senior,Canadian Trials 2 2013,6,11,2013,yes,,Canadian Trials 2 2013,na
Katie Vincent,C1,200,Women,53.57,Heat,1st,junior,Canadian Trials 2 2013,6,11,2013,yes,,Canadian Trials 2 2013,na
Katie Vincent,C1,200,Women,58.793,Heat,3rd,senior,Canadian Trials 2 2013,6,11,2013,yes,,Canadian Trials 2 2013,na
Laurence Vincent-Lapointe,C1,200,Women,53.957,Final A,1st,senior,Canadian Trials 2 2013,6,11,2013,yes,,Canadian Trials 2 2013,na
Laurence Vincent-Lapointe,C1,200,Women,53.123,Heat,1st,senior,Canadian Trials 2 2013,6,11,2013,yes,,Canadian Trials 2 2013,na
Max Lemke,K1,200,Men,39.77,Heat,1st,,Einladungs 2013,7,6,2013,yes,,Einladungs 2013,na
Max Lemke,K1,200,Men,37.17,Final,2nd,,German Nationals 2013,9,11,2013,yes,,German Nationals 2013,na
Max Lemke,K1,500,Men,104.71,Final,2nd,,German Nationals 2013,9,11,2013,yes,,German Nationals 2013,na
Max Lemke,K1,200,Men,37.6,Heat,1st,,German Nationals 2013,9,11,2013,yes,,German Nationals 2013,na
Max Lemke,K1,500,Men,104.26,Heat,1st,,German Nationals 2013,9,11,2013,yes,,German Nationals 2013,na
Max Lemke,K1,200,Men,37.77,Semis,1st,,German Nationals 2013,9,11,2013,yes,,German Nationals 2013,na
Max Lemke,K1,500,Men,104.06,Semis,1st,,German Nationals 2013,9,11,2013,yes,,German Nationals 2013,na
Max Lemke,K1,6000,Men,1718.41,Final,1st,,Grosse Meinzer 2013,5,11,2013,yes,,Grosse Meinzer 2013,na
Max Lemke,K1,200,Men,36.266,Final,4th,,Jr Worlds 2013,8,4,2013,yes,,Jr Worlds 2013,na
Max Lemke,K1,200,Men,39.948,Heat,2nd,,Jr Worlds 2013,8,4,2013,yes,,Jr Worlds 2013,na
Max Lemke,K1,200,Men,35.898,Semis,2nd,,Jr Worlds 2013,8,4,2013,yes,,Jr Worlds 2013,na
Laurence Vincent-Lapointe,C1,200,Women,47.542,Final,1st,,U23 Worlds 2013,7,1,2013,yes,,U23 Worlds 2013,na
Laurence Vincent-Lapointe,C1,200,Women,51.022,Final,1st,,World Cup II 2013,5,17,2013,yes,,World Cup II 2013,na
Laurence Vincent-Lapointe,C1,200,Women,48.946,Heat,1st,,World Cup II 2013,5,17,2013,yes,,World Cup II 2013,na
Laurence Vincent-Lapointe,C1,200,Women,52.496,Final,1st,,World Cup III 2013,5,31,2013,yes,,World Cup III 2013,na
Laurence Vincent-Lapointe,C1,200,Women,46.622,Heat,1st,,World Cup III 2013,5,31,2013,yes,,World Cup III 2013,na
Laurence Vincent-Lapointe,C1,200,Women,51.33,Final,1st,,Worlds 2013,7,1,2013,yes,,Worlds 2013,na
Katie Vincent,C1,200,Women,53.729,Final,1st,U19,Canadian Nationals 2014,8,19,2014,yes,,Canadian Nationals 2014,na
Katie Vincent,C1,500,Women,152.796,Final,1st,U19,Canadian Nationals 2014,8,19,2014,yes,,Canadian Nationals 2014,na
Katie Vincent,C1,1000,Women,293.814,Final,1st,U19,Canadian Nationals 2014,8,19,2014,yes,,Canadian Nationals 2014,na
Katie Vincent,C1,200,Women,53.266,Heat,1st,U19,Canadian Nationals 2014,8,19,2014,yes,,Canadian Nationals 2014,na
Katie Vincent,C1,500,Women,156.418,Heat,1st,U19,Canadian Nationals 2014,8,19,2014,yes,,Canadian Nationals 2014,na
Katie Vincent,C1,1000,Women,303.83,Heat,1st,U19,Canadian Nationals 2014,8,19,2014,yes,,Canadian Nationals 2014,na
Laurence Vincent-Lapointe,C1,200,Women,52.728,Final,1st,,Canadian Nationals 2014,7,1,2014,yes,,Canadian Nationals 2014,na
Laurence Vincent-Lapointe,C1,200,Women,50.521,Final,1st,senior,Canadian Nationals 2014,7,1,2014,yes,racing up in senior,Canadian Nationals 2014,na
Laurence Vincent-Lapointe,C1,500,Women,155.058,Final,1st,,Canadian Nationals 2014,7,1,2014,yes,,Canadian Nationals 2014,na
Laurence Vincent-Lapointe,C1,500,Women,140.65,Final,1st,senior,Canadian Nationals 2014,7,1,2014,yes,racing up in senior,Canadian Nationals 2014,na
Katie Vincent,C1,200,Women,61.456,Final,2nd,senior,Canadian Trials 1 2014,4,25,2014,yes,,Canadian Trials 1 2014,na
Katie Vincent,C1,500,Women,134.471,Final,1st,senior,Canadian Trials 1 2014,4,25,2014,yes,,Canadian Trials 1 2014,na
Laurence Vincent-Lapointe,C1,200,Women,63.111,Final,3rd,senior,Canadian Trials 1 2014,4,25,2014,yes,,Canadian Trials 1 2014,na
Laurence Vincent-Lapointe,C1,500,Women,140.111,Final,3rd,senior,Canadian Trials 1 2014,4,25,2014,yes,,Canadian Trials 1 2014,na
Katie Vincent,C1,200,Women,53.109,Final,1st,junior,Canadian Trials 2 2014,5,31,2014,yes,,Canadian Trials 2 2014,na
Katie Vincent,C1,200,Women,54.638,Heat,1st,junior,Canadian Trials 2 2014,5,31,2014,yes,,Canadian Trials 2 2014,na
Katie Vincent,C1,200,Women,49.176,Final,2nd,senior,Canadian Trials 3 2014,6,28,2014,yes,,Canadian Trials 3 2014,na
Laurence Vincent-Lapointe,C1,200,Women,46.878,Final,1st,senior,Canadian Trials 3 2014,6,28,2014,yes,,Canadian Trials 3 2014,na
Laurence Vincent-Lapointe,C1,200,Women,47.043,Final,1st,senior,Canadian Trials 3 2014,6,28,2014,yes,race-off between her and Potts,Canadian Trials 3 2014,na
Max Lemke,K1,200,Men,35.707,Final,2nd,,Euro Jr Champs 2014,6,29,2014,yes,,Euro Jr Champs 2014,na
Max Lemke,K1,500,Men,99.444,Final,1st,,Euro Jr Champs 2014,6,29,2014,yes,,Euro Jr Champs 2014,na
Max Lemke,K1,200,Men,35.57,Final,1st,,German Nationals 2014,8,23,2014,yes,,German Nationals 2014,na
Max Lemke,K1,500,Men,102.04,Final,1st,,German Nationals 2014,8,20,2014,yes,,German Nationals 2014,na
Max Lemke,K1,5000,Men,1323.51,Final,1st,,German Nationals 2014,8,24,2014,yes,,German Nationals 2014,na
Max Lemke,K1,200,Men,38.45,Heat,1st,,German Nationals 2014,8,22,2014,yes,,German Nationals 2014,na
Max Lemke,K1,500,Men,106.03,Heat,1st,,German Nationals 2014,8,20,2014,yes,,German Nationals 2014,na
Max Lemke,K1,200,Men,37.54,Semis,1st,,German Nationals 2014,8,22,2014,yes,,German Nationals 2014,na
Max Lemke,K1,500,Men,101.39,Semis,1st,,German Nationals 2014,8,20,2014,yes,,German Nationals 2014,na
Katie Vincent,C1,200,Women,48.982,Final A,1st,Junior,Jr Worlds 2014,7,17,2014,yes,,Jr Worlds 2014,na
Katie Vincent,C1,200,Women,47.859,Heat,1st,Junior,Jr Worlds 2014,7,17,2014,yes,,Jr Worlds 2014,na
Max Lemke,K1,200,Men,36.09,Final,3rd,,Jr Worlds 2014,7,20,2014,yes,,Jr Worlds 2014,na
Max Lemke,K1,200,Men,35.69,Heat,1st,,Jr Worlds 2014,7,20,2014,yes,,Jr Worlds 2014,na
Max Lemke,K1,200,Men,35.553,Semis,1st,,Jr Worlds 2014,7,20,2014,yes,,Jr Worlds 2014,na
Laurence Vincent-Lapointe,C1,200,Women,46.42,Final,1st,,Worlds 2014,7,1,2014,yes,,Worlds 2014,na
Laurence Vincent-Lapointe,C1,200,Women,48.21,Final,1st,,Canadian Nationals 2015,7,1,2015,yes,,Canadian Nationals 2015,na
Laurence Vincent-Lapointe,C1,500,Women,135.703,Final,1st,,Canadian Nationals 2015,7,1,2015,yes,,Canadian Nationals 2015,na
Laurence Vincent-Lapointe,C1,1000,Women,310.951,Final,1st,,Canadian Nationals 2015,7,1,2015,yes,,Canadian Nationals 2015,na
Katie Vincent,C1,200,Women,50.275,Final,2nd,senior,Canadian Trials 1 2015,5,2,2015,yes,,Canadian Trials 1 2015,na
Katie Vincent,C1,200,Women,49.278,Final,2nd,senior,Canadian Trials 1 2015,5,3,2015,yes,,Canadian Trials 1 2015,na
Laurence Vincent-Lapointe,C1,200,Women,48.963,Final,1st,senior,Canadian Trials 1 2015,5,2,2015,yes,,Canadian Trials 1 2015,na
Laurence Vincent-Lapointe,C1,200,Women,47.994,Final,1st,senior,Canadian Trials 1 2015,5,3,2015,yes,,Canadian Trials 1 2015,na
Katie Vincent,C1,200,Women,49.041,Final,2nd,U23,Canadian Trials 2 2015,6,19,2015,yes,,Canadian Trials 2 2015,na
Katie Vincent,C1,200,Women,48.276,Final,2nd,U23,Canadian Trials 2 2015,6,19,2015,yes,,Canadian Trials 2 2015,na
Katie Vincent,C1,500,Women,151.799,Final,1st,senior,Canadian Trials 2 2015,6,19,2015,yes,,Canadian Trials 2 2015,na
Katie Vincent,C1,200,Women,54.515,Heat,1st,U23,Canadian Trials 2 2015,6,19,2015,yes,,Canadian Trials 2 2015,na
Max Lemke,K1,200,Men,37.075,Final B,5th,,Euro Games 2015,6,15,2015,yes,,Euro Games 2015,na
Max Lemke,K1,200,Men,36.079,Heat,5th,,Euro Games 2015,6,15,2015,yes,,Euro Games 2015,na
Max Lemke,K1,200,Men,35.335,Semis,5th,,Euro Games 2015,6,15,2015,yes,,Euro Games 2015,na
Katie Vincent,C1,200,Women,49.004,Final A,5th,U23,U23 Worlds 2015,7,24,2015,yes,,U23 Worlds 2015,na
Katie Vincent,C1,500,Women,141.676,Final A,2nd,U23,U23 Worlds 2015,7,24,2015,yes,,U23 Worlds 2015,na
Katie Vincent,C1,200,Women,54.36,Heat,1st,U23,U23 Worlds 2015,7,24,2015,yes,,U23 Worlds 2015,na
Katie Vincent,C1,500,Women,139.048,Heat,2nd,U23,U23 Worlds 2015,7,24,2015,yes,,U23 Worlds 2015,na
Katie Vincent,C1,500,Women,147.964,Semis,1st,U23,U23 Worlds 2015,7,24,2015,yes,,U23 Worlds 2015,na
Laurence Vincent-Lapointe,C1,200,Women,47.276,Final,1st,,World Cup I 2015,5,17,2015,yes,,World Cup I 2015,na
Laurence Vincent-Lapointe,C1,200,Women,46.802,Final,1st,,World Cup II 2015,5,17,2015,yes,,World Cup II 2015,na
Laurence Vincent-Lapointe,C1,200,Women,47.723,Heat,1st,,World Cup II 2015,5,17,2015,yes,,World Cup II 2015,na
Laurence Vincent-Lapointe,C1,200,Women,49.35,Final,4th,,Worlds 2015,7,1,2015,yes,,Worlds 2015,na
Laurence Vincent-Lapointe,C1,200,Women,48.316,Final,1st,,Canadian Nationals 2016,7,1,2016,yes,,Canadian Nationals 2016,na
Laurence Vincent-Lapointe,C1,500,Women,149.943,Final,1st,,Canadian Nationals 2016,7,1,2016,yes,,Canadian Nationals 2016,na
Katie Vincent,C1,200,Women,51.962,Final,2nd,senior,Canadian Trials 1 2016,5,4,2016,yes,,Canadian Trials 1 2016,na
Katie Vincent,C1,200,Women,49.852,Final,2nd,senior,Canadian Trials 1 2016,5,5,2016,yes,,Canadian Trials 1 2016,na
Katie Vincent,C1,1000,Women,289.006,Final,1st,senior,Canadian Trials 1 2016,5,5,2016,yes,,Canadian Trials 1 2016,na
Katie Vincent,C1,500,Women,131.193,Final,1st,senior,Canadian Trials 1 2016,5,6,2016,yes,,Canadian Trials 1 2016,na
Katie Vincent,C1,500,Women,142.629,Heat,1st,senior,Canadian Trials 1 2016,5,6,2016,yes,,Canadian Trials 1 2016,na
Laurence Vincent-Lapointe,C1,200,Women,51.441,Final,1st,senior,Canadian Trials 1 2016,5,4,2016,yes,,Canadian Trials 1 2016,na
Laurence Vincent-Lapointe,C1,200,Women,49.3,Final,1st,senior,Canadian Trials 1 2016,5,5,2016,yes,,Canadian Trials 1 2016,na
Laurence Vincent-Lapointe,C1,1000,Women,294.785,Final,2nd,senior,Canadian Trials 1 2016,5,5,2016,yes,,Canadian Trials 1 2016,na
Laurence Vincent-Lapointe,C1,500,Women,133.126,Final,2nd,senior,Canadian Trials 1 2016,5,6,2016,yes,,Canadian Trials 1 2016,na
Laurence Vincent-Lapointe,C1,500,Women,142.912,Heat,1st,senior,Canadian Trials 1 2016,5,6,2016,yes,,Canadian Trials 1 2016,na
Katie Vincent,C1,200,Women,46.912,Final,2nd,senior,Canadian Trials 2 2016,6,25,2016,yes,,Canadian Trials 2 2016,na
Katie Vincent,C1,200,Women,47.338,Final,2nd,senior,Canadian Trials 2 2016,6,25,2016,yes,,Canadian Trials 2 2016,na
Katie Vincent,C1,500,Women,128.762,Final,1st,senior,Canadian Trials 2 2016,6,25,2016,yes,,Canadian Trials 2 2016,na
Katie Vincent,C1,200,Women,47.205,Heat,1st,senior,Canadian Trials 2 2016,6,25,2016,yes,,Canadian Trials 2 2016,na
Katie Vincent,C1,500,Women,135.973,Heat,1st,senior,Canadian Trials 2 2016,6,25,2016,yes,,Canadian Trials 2 2016,na
Laurence Vincent-Lapointe,C1,200,Women,46.411,Final,1st,senior,Canadian Trials 2 2016,6,25,2016,yes,,Canadian Trials 2 2016,na
Laurence Vincent-Lapointe,C1,200,Women,46.224,Final,1st,senior,Canadian Trials 2 2016,6,25,2016,yes,,Canadian Trials 2 2016,na
Laurence Vincent-Lapointe,C1,500,Women,131.737,Final,2nd,senior,Canadian Trials 2 2016,6,25,2016,yes,,Canadian Trials 2 2016,na
Laurence Vincent-Lapointe,C1,200,Women,45.939,Heat,1st,senior,Canadian Trials 2 2016,6,25,2016,yes,,Canadian Trials 2 2016,na
Laurence Vincent-Lapointe,C1,500,Women,136.364,Heat,1st,senior,Canadian Trials 2 2016,6,25,2016,yes,,Canadian Trials 2 2016,na
Max Lemke,K1,200,Men,36.275,Final,5th,,U23 Worlds 2016,7,31,2016,yes,,U23 Worlds 2016,na
Max Lemke,K1,200,Men,35.238,Heat,1st,,U23 Worlds 2016,7,29,2016,yes,,U23 Worlds 2016,na
Max Lemke,K1,200,Men,36.561,Semis,1st,,U23 Worlds 2016,7,30,2016,yes,,U23 Worlds 2016,na
Max Lemke,K1,200,Men,34.876,Final,5th,,World Cup 2016,6,5,2016,yes,,World Cup 2016,na
Katie Vincent,C1,200,Women,48.096,Final A,2nd,senior,Canadian Trials 1 2017,5,13,2017,yes,,Canadian Trials 1 2017,na
Katie Vincent,C1,500,Women,134.111,Final A,1st,senior,Canadian Trials 1 2017,5,13,2017,yes,,Canadian Trials 1 2017,na
Katie Vincent,C1,200,Women,48.317,Heat,1st,senior,Canadian Trials 1 2017,5,13,2017,yes,,Canadian Trials 1 2017,na
Katie Vincent,C1,500,Women,133.762,Heat,1st,senior,Canadian Trials 1 2017,5,13,2017,yes,,Canadian Trials 1 2017,na
Laurence Vincent-Lapointe,C1,200,Women,46.384,Final A,1st,senior,Canadian Trials 1 2017,5,13,2017,yes,,Canadian Trials 1 2017,na
Laurence Vincent-Lapointe,C1,500,Women,135.645,Final A,2nd,senior,Canadian Trials 1 2017,5,13,2017,yes,,Canadian Trials 1 2017,na
Laurence Vincent-Lapointe,C1,200,Women,46.959,Heat,1st,senior,Canadian Trials 1 2017,5,13,2017,yes,,Canadian Trials 1 2017,na
Laurence Vincent-Lapointe,C1,500,Women,135.475,Heat,1st,senior,Canadian Trials 1 2017,5,13,2017,yes,,Canadian Trials 1 2017,na
Laurence Vincent-Lapointe,C1,200,Women,45.842,Final,1st,,World Cup II 2017,5,17,2017,yes,,World Cup II 2017,na
Laurence Vincent-Lapointe,C1,500,Women,129.25,Final,4th,,World Cup II 2017,5,17,2017,yes,,World Cup II 2017,na
Laurence Vincent-Lapointe,C1,200,Women,47.698,Heat,1st,,World Cup II 2017,5,17,2017,yes,,World Cup II 2017,na
Laurence Vincent-Lapointe,C1,500,Women,133.305,Heat,2nd,,World Cup II 2017,5,17,2017,yes,,World Cup II 2017,na
Laurence Vincent-Lapointe,C1,200,Women,46.653,Semis,1st,,World Cup II 2017,5,17,2017,yes,,World Cup II 2017,na
Laurence Vincent-Lapointe,C1,500,Women,132.276,Semis,2nd,,World Cup II 2017,5,17,2017,yes,,World Cup II 2017,na
Laurence Vincent-Lapointe,C1,200,Women,48.865,Final,1st,,World Cup III 2017,5,4,2017,yes,,World Cup III 2017,na
Laurence Vincent-Lapointe,C1,5000,Women,1629.24,Final,2nd,,World Cup III 2017,5,4,2017,yes,,World Cup III 2017,na
Laurence Vincent-Lapointe,C1,200,Women,47.696,Heat,1st,,World Cup III 2017,5,4,2017,yes,,World Cup III 2017,na
Laurence Vincent-Lapointe,C1,200,Women,49.322,Semis,1st,,World Cup III 2017,5,4,2017,yes,,World Cup III 2017,na
Laurence Vincent-Lapointe,C1,200,Women,45.478,Final,1st,,Worlds 2017,7,1,2017,yes,,Worlds 2017,na
Laurence Vincent-Lapointe,C1,200,Women,46.03,Heat,1st,,Worlds 2017,7,1,2017,yes,,Worlds 2017,na
Laurence Vincent-Lapointe,C1,200,Women,45.787,Semis,1st,,Worlds 2017,7,1,2017,yes,,Worlds 2017,na
Katie Vincent,C1,200,Women,46.586,Final A,2nd,senior,Canadian Trials 1 2018,4,20,2018,yes,,Canadian Trials 1 2018,na
Katie Vincent,C1,500,Women,124.803,Final A,2nd,senior,Canadian Trials 1 2018,4,20,2018,yes,,Canadian Trials 1 2018,na
Katie Vincent,C1,200,Women,47.155,Heat,1st,senior,Canadian Trials 1 2018,4,20,2018,yes,,Canadian Trials 1 2018,na
Katie Vincent,C1,500,Women,125.005,Heat,1st,senior,Canadian Trials 1 2018,4,20,2018,yes,,Canadian Trials 1 2018,na
Laurence Vincent-Lapointe,C1,200,Women,45.35,Final A,1st,senior,Canadian Trials 1 2018,4,20,2018,yes,,Canadian Trials 1 2018,na
Laurence Vincent-Lapointe,C1,500,Women,123.515,Final A,1st,senior,Canadian Trials 1 2018,4,20,2018,yes,,Canadian Trials 1 2018,na
Laurence Vincent-Lapointe,C1,200,Women,45.692,Heat,1st,senior,Canadian Trials 1 2018,4,20,2018,yes,,Canadian Trials 1 2018,na
Laurence Vincent-Lapointe,C1,500,Women,122.751,Heat,1st,senior,Canadian Trials 1 2018,4,20,2018,yes,,Canadian Trials 1 2018,na
Max Lemke,K1,200,Men,35.844,Final,1st,,German Trials 2018,4,14,2018,yes,,German Trials 2018,na
Katie Vincent,C1,500,Women,126.482,Final A,1st,,World Cup II 2018,5,27,2018,yes,,World Cup II 2018,na
Katie Vincent,C1,500,Women,130.239,Heat,1st,,World Cup II 2018,5,26,2018,yes,,World Cup II 2018,na
Katie Vincent,C1,500,Women,138.083,Semis,1st,,World Cup II 2018,5,27,2018,yes,,World Cup II 2018,na
Laurence Vincent-Lapointe,C1,5000,Women,1634.472,Final,5th,,World Cup II 2018,5,27,2018,yes,,World Cup II 2018,na
Laurence Vincent-Lapointe,C1,200,Women,45.885,Final A,1st,,World Cup II 2018,5,27,2018,yes,,World Cup II 2018,na
Laurence Vincent-Lapointe,C1,200,Women,45.084,Heat,1st,,World Cup II 2018,5,26,2018,yes,,World Cup II 2018,na
Laurence Vincent-Lapointe,C1,200,Women,46.158,Semis,1st,,World Cup II 2018,5,27,2018,yes,,World Cup II 2018,na
Katie Vincent,C1,200,Women,46.175,Final A,2nd,senior,Canadian Trials 3 2018,6,22,2018,yes,,Canadian Trials 3 2018,na
Katie Vincent,C1,500,Women,151.539,Final A,2nd,senior,Canadian Trials 3 2018,6,22,2018,yes,,Canadian Trials 3 2018,na
Katie Vincent,C1,200,Women,47.942,Heat,1st,senior,Canadian Trials 3 2018,6,22,2018,yes,,Canadian Trials 1 2018,na
Katie Vincent,C1,500,Women,138.589,Heat,1st,senior,Canadian Trials 3 2018,6,22,2018,yes,,Canadian Trials 1 2018,na
Laurence Vincent-Lapointe,C1,200,Women,45.077,Final A,1st,senior,Canadian Trials 3 2018,6,22,2018,yes,,Canadian Trials 3 2018,na
Laurence Vincent-Lapointe,C1,500,Women,147.535,Final A,1st,senior,Canadian Trials 3 2018,6,22,2018,yes,,Canadian Trials 1 2018,na
Laurence Vincent-Lapointe,C1,200,Women,45.958,Heat,1st,senior,Canadian Trials 3 2018,6,22,2018,yes,,Canadian Trials 1 2018,na
Laurence Vincent-Lapointe,C1,500,Women,132.229,Heat,1st,senior,Canadian Trials 3 2018,6,22,2018,yes,,Canadian Trials 1 2018,na
Laurence Vincent-Lapointe,C1,200,Women,45.245,Semis,1st,senior,Canadian Trials 3 2018,6,22,2018,yes,,Canadian Trials 1 2018,na
Katie Vincent,C1,200,Women,47.627,Semis,1st,senior,Canadian Trials 3 2018,6,22,2018,yes,,Canadian Trials 3 2018,na